Beginning balance as of 03/26/2024,,212.30
Total credits,,"23,664.52"
Total debits,,"-23,297.99"
Ending balance as of 04/24/2024,,578.83

Date,Description,Amount,Running Bal.
03/26/2024,Beginning balance as of 03/26/2024,,212.30
03/26/2024,Online Banking transfer from SAV 8178 Confirmation# XXXXX01967,150.00,362.30
03/26/2024,Online Banking transfer from SAV 8178 Confirmation# XXXXX25862,150.00,512.30
03/26/2024,BACGATEWAYVILLAGE 03/25 PURCHASE CHARLOTTE NC,-11.15,501.15
03/26/2024,CHARLOTTE MARKET 03/25 PURCHASE CHARLOTTE NC,-37.39,463.76
03/26/2024,Zelle payment to WILMER SANTIAGO Conf# g5aaqp91k,-150.00,313.76
03/26/2024,BELK Rewards DES:SYF PAYMNT ID:XXXXXXXXXX33346 INDN:KOUAKOUCOLETTE CO ID:XXXXX72103 WEB,-141.00,172.76
03/27/2024,Online Banking transfer from SAV 8178 Confirmation# XXXXX33653,200.00,372.76
03/27/2024,BURGER KING #8883 03/25 PURCHASE CHARLOTTE NC,-5.08,367.68
03/27/2024,QT 1031 03/25 PURCHASE HARRISBURG NC,-30.33,337.35
03/27/2024,IDT BOSS INTL CAL 03/26 PURCHASE XXXXX68312 NJ,-10.00,327.35
03/27/2024,BKOFAMERICA ATM 03/27 #XXXXX5530 WITHDRWL 100 NORTH TRYON CHARLOTTE NC,-20.00,307.35
03/27/2024,DOLLAR TREE 03/27 PURCHASE HARRISBURG NC,-14.45,292.90
03/27/2024,FOOD LION #221 03/27 PURCHASE HARRISBURG NC,-9.35,283.55
03/28/2024,WAVE 03/27 PURCHASE XXXXX68603 NY,-84.48,199.07
03/28/2024,FOOD LION #2214 03/27 PURCHASE HARRISBURG NC,-24.89,174.18
03/28/2024,CIRCLE K 08408 03/28 PURCHASE CHARLOTTE NC,-30.10,144.08
03/28/2024,WALGREENS 4305 03/28 PURCHASE HARRISBURG NC,-31.02,113.06
03/29/2024,CHARLOTTE MECKLE DES:PR PAYMENT ID:0600-XXXXX9618 INDN:Alla Kouakou Colette CO ID:XXXXX01074 PPD,"3,774.94","3,888.00"
03/29/2024,"BANK OF AMERICA, DES:BANK OF AM ID:XXXXXXXXXX8819 INDN:CLAUDE KOUAKOU CO ID:XXXXX76653 PPD","3,151.40","7,039.40"
03/29/2024,Online Banking transfer from SAV 8178 Confirmation# XXXXX92146,"1,100.00","8,139.40"
03/29/2024,GOOGLE *Google 03/28 PURCHASE Mountain View CA,-1.99,"8,137.41"
03/29/2024,USPS PO 3 4258 03/29 PURCHASE HARRISBURG NC,-18.40,"8,119.01"
03/29/2024,CIRCLE K # 031 03/29 PURCHASE COLUMBIA SC,-29.18,"8,089.83"
04/01/2024,"Zelle payment from OKON ASSAOLE for Offering Easter""; Conf# z9qiyg1ee""",15.00,"8,104.83"
04/01/2024,BURGER KING #8883 03/29 PURCHASE CHARLOTTE NC,-6.72,"8,098.11"
04/01/2024,MCDONALD'S F1478 03/29 PURCHASE COLUMBIA SC,-10.00,"8,088.11"
04/01/2024,LIZARDS THICKET B 03/29 PURCHASE COLUMBIA SC,-8.13,"8,079.98"
04/01/2024,SUVIDHA INTL MARK 03/29 PURCHASE CHARLOTTE NC,-21.48,"8,058.50"
04/01/2024,WM SUPERCENTER 03/29 PURCHASE CONCORD NC,-125.47,"7,933.03"
04/01/2024,SUNFLOUR BAKING C 03/30 PURCHASE HARRISBURG NC,-8.45,"7,924.58"
04/01/2024,TAKE 5 OIL CHANGE 03/30 PURCHASE HARRISBURG NC,-66.85,"7,857.73"
04/01/2024,LOWE'S FOODS # 03/30 PURCHASE HARRISBURG NC,-42.94,"7,814.79"
04/01/2024,PUBLIX #1555 03/30 PURCHASE HARRISBURG NC,-14.08,"7,800.71"
04/01/2024,AMZN Mktp US*HC7C 03/30 PURCHASE XXXXX61072 WA,-21.39,"7,779.32"
04/01/2024,ADT SECURITY*3144 03/31 PURCHASE XXXXX82727 FL,-59.16,"7,720.16"
04/01/2024,WAVE 03/31 PURCHASE XXXXX68603 NY,-823.48,"6,896.68"
04/01/2024,Online Banking transfer to SAV 8178 Confirmation# XXXXX35805,"-3,000.00","3,896.68"
04/01/2024,Online Banking transfer to CHK 2102 Confirmation# XXXXX42331,-200.00,"3,696.68"
04/01/2024,FOOD LION #221 03/31 PURCHASE HARRISBURG NC,-21.13,"3,675.55"
04/01/2024,Zelle payment to WILMER SANTIAGO Conf# bs35mwfzg,-411.30,"3,264.25"
04/01/2024,LOWE'S FOODS # 04/01 PURCHASE HARRISBURG NC,-23.42,"3,240.83"
04/01/2024,Check 557,-100.00,"3,140.83"
04/02/2024,QT 1031 04/01 PURCHASE HARRISBURG NC,-6.61,"3,134.22"
04/02/2024,"WWP*PESTBAN, LLC 04/01 PURCHASE XXXXX21121 GA",-74.00,"3,060.22"
04/02/2024,SENDWAVE *MXLU 04/01 PURCHASE XXXXX68603 NY,-16.82,"3,043.40"
04/02/2024,BACGATEWAYVILLAGE 04/01 PURCHASE CHARLOTTE NC,-9.47,"3,033.93"
04/02/2024,PUBLIX #1555 04/01 PURCHASE HARRISBURG NC,-25.29,"3,008.64"
04/02/2024,NNT SUNFLOUR B 04/02 PURCHASE HARRISBURG NC,-8.45,"3,000.19"
04/02/2024,WAL-MART #1027 04/02 PURCHASE CONCORD NC,-7.98,"2,992.21"
04/02/2024,QT 1031 OUTSID 04/02 PURCHASE HARRISBURG NC,-21.03,"2,971.18"
04/02/2024,FOOD LION #221 04/02 PURCHASE HARRISBURG NC,-1.83,"2,969.35"
04/02/2024,Bank of America Credit Card Bill Payment,-60.00,"2,909.35"
04/02/2024,PREFERREDPARKING DES:MONTHLYACH ID:45806-CLT - 116 INDN:CLAUDE KOUAKOU CO ID:XXXXX49648 PPD,-60.00,"2,849.35"
04/03/2024,SIMPLEMOBILE*AIRT 04/02 PURCHASE XXXXX87908 FL,-103.54,"2,745.81"
04/03/2024,PUBLIX #1555 04/02 PURCHASE HARRISBURG NC,-19.27,"2,726.54"
04/03/2024,Check 558,-515.00,"2,211.54"
04/03/2024,PROG PREMIER DES:INS PREM ID:XXXXX5486 Claud INDN:Claude Kouakou CO ID:XXXXX48104 PPD,-125.69,"2,085.85"
04/04/2024,BACGATEWAYVILLAGE 04/03 PURCHASE CHARLOTTE NC,-7.55,"2,078.30"
04/05/2024,PUBLIX #1555 04/04 PURCHASE HARRISBURG NC,-26.88,"2,051.42"
04/05/2024,CIRCLE K # 066 04/05 PURCHASE HARRISBURG NC,-20.38,"2,031.04"
04/05/2024,Zelle payment to Rose Lauren Kouakou-Ndri Conf# g8tefmblz,-40.00,"1,991.04"
04/05/2024,PLANET HOME DES:ACH PMTS ID:XXXXX59329 INDN:CLAUDE KOUAKOU CO ID:XXXXX62771 WEB,"-1,725.42",265.62
04/08/2024,Online Banking transfer from SAV 8178 Confirmation# XXXXX95487,700.00,965.62
04/08/2024,Online Banking transfer from SAV 8178 Confirmation# XXXXX75940,500.00,"1,465.62"
04/08/2024,"Zelle payment from KOUADIA NDOUFFOU for For Ines""; Conf# T0S4S5G9K""",200.00,"1,665.62"
04/08/2024,CHICK-FIL-A #0409 04/05 PURCHASE HARRISBURG NC,-13.14,"1,652.48"
04/08/2024,MCDONALD'S F31154 04/05 PURCHASE HARRISBURG NC,-9.73,"1,642.75"
04/08/2024,SHELL OIL 5754377 04/05 PURCHASE LEXINGTON SC,-7.04,"1,635.71"
04/08/2024,FOOD LION #2214 04/05 PURCHASE HARRISBURG NC,-18.82,"1,616.89"
04/08/2024,QT 1031 OUTSID 04/06 PURCHASE HARRISBURG NC,-35.51,"1,581.38"
04/08/2024,QT 1031 04/06 PURCHASE HARRISBURG NC,-10.31,"1,571.07"
04/08/2024,SUVIDHA INTL MARK 04/06 PURCHASE CHARLOTTE NC,-8.01,"1,563.06"
04/08/2024,SUVIDHA INTL MARK 04/06 PURCHASE CHARLOTTE NC,-38.27,"1,524.79"
04/08/2024,SENDWAVE *KL62 04/06 PURCHASE XXXXX68603 NY,-200.00,"1,324.79"
04/08/2024,SENDWAVE *PJMA 04/06 PURCHASE XXXXX68603 NY,-507.24,817.55
04/08/2024,WM SUPERCENTER 04/06 PURCHASE CONCORD NC,-508.00,309.55
04/08/2024,WAL Wal-Mart S 04/06 PURCHASE CONCORD NC,-10.66,298.89
04/08/2024,NNT SUNFLOUR B 04/07 PURCHASE HARRISBURG NC,-8.24,290.65
04/08/2024,WALGREENS 4305 04/07 PURCHASE HARRISBURG NC,-17.88,272.77
04/08/2024,WAL-MART #1027 04/07 PURCHASE CONCORD NC,-72.24,200.53
04/08/2024,Check 559,-25.00,175.53
04/09/2024,QT 1031 OUTSID 04/09 PURCHASE HARRISBURG NC,-20.25,155.28
04/09/2024,7-ELEVEN 04/09 PURCHASE Charlotte NC,-2.43,152.85
04/09/2024,WALGREENS 4305 04/09 PURCHASE HARRISBURG NC,-17.12,135.73
04/10/2024,TPG PRODUCTS DES:SBTPG LLC ID:E6XYLG56KII6XAQ INDN:NDRI KOUAKOU CO ID:XXXXX60102 PPD,"8,037.00","8,172.73"
04/10/2024,PARCHMENT-UNIV DO 04/09 PURCHASE XXXXX91646 AZ,-15.00,"8,157.73"
04/10/2024,SHELL SERVICE 04/10 PURCHASE CHARLOTTE NC,-21.26,"8,136.47"
04/10/2024,ALDI 66033 04/10 PURCHASE HARRISBURG NC,-35.03,"8,101.44"
04/11/2024,QT 1031 04/09 PURCHASE HARRISBURG NC,-2.13,"8,099.31"
04/11/2024,PARCHMENT-UNIV DO 04/09 PURCHASE XXXXX91646 AZ,-8.00,"8,091.31"
04/11/2024,Online Banking transfer to SAV 8178 Confirmation# XXXXX92387,"-8,000.00",91.31
04/11/2024,SUVIDHA INTL M 04/11 PURCHASE CHARLOTTE NC,-31.72,59.59
04/12/2024,QT 1031 04/10 PURCHASE HARRISBURG NC,-2.13,57.46
04/12/2024,PUBLIX #1555 04/11 PURCHASE HARRISBURG NC,-4.59,52.87
04/15/2024,"BANK OF AMERICA, DES:BANK OF AM ID:XXXXXXXXXX8819 INDN:CLAUDE KOUAKOU CO ID:XXXXX76653 PPD","3,036.17","3,089.04"
04/15/2024,Online Banking transfer from CHK 2102 Confirmation# XXXXX04128,"1,000.00","4,089.04"
04/15/2024,Online Banking transfer to CHK 2102 Confirmation# XXXXX43369,"-1,000.00","3,089.04"
04/15/2024,Online Banking transfer to SAV 8178 Confirmation# XXXXX48400,"-1,000.00","2,089.04"
04/15/2024,QT 1031 04/14 PURCHASE HARRISBURG NC,-35.45,"2,053.59"
04/15/2024,SUVIDHA INTL MARK 04/14 PURCHASE CHARLOTTE NC,-36.10,"2,017.49"
04/15/2024,PUBLIX #1555 04/14 PURCHASE HARRISBURG NC,-32.88,"1,984.61"
04/15/2024,AMAZON.COM*7F9 04/14 PURCHASE SEATTLE WA,-63.77,"1,920.84"
04/15/2024,Spectrum 04/14 PURCHASE XXXXX77328 MO,-123.93,"1,796.91"
04/15/2024,IDT BOSS INTL CAL 04/15 PURCHASE XXXXX68312 NJ,-10.00,"1,786.91"
04/15/2024,NNT SUNFLOUR B 04/15 PURCHASE HARRISBURG NC,-8.45,"1,778.46"
04/15/2024,CIRCLE K 08378 04/15 PURCHASE HARRISBURG NC,-21.31,"1,757.15"
04/15/2024,CAPITAL ONE DES:ONLINE PMT ID:3XB84HBNMUQ87RK INDN:CLAUDE N KOUAKOU CO ID:XXXXX44391 WEB,-100.00,"1,657.15"
04/16/2024,SPI*DUKE-ENERGY 04/14 PURCHASE XXXXX79898 NC,-189.01,"1,468.14"
04/16/2024,UNC CHAR AA GRAD 04/15 PURCHASE XXXXX75757 NC,-75.00,"1,393.14"
04/16/2024,SQ *EDDIE DRAKEFO 04/15 PURCHASE Charlotte NC,-40.25,"1,352.89"
04/16/2024,SPECTRUM DES:SPECTRUM ID:8253162 INDN:CHECKING2092 CO ID:XXXXX58635 WEB,-169.88,"1,183.01"
04/16/2024,DUKEENERGYCORPOR DES:WEB_PAY ID:XXXXXXXXXX1424 INDN:XXXXX02960 CO ID:XXXXX30001 PPD,-150.55,"1,032.46"
04/16/2024,BELK Rewards DES:SYF PAYMNT ID:XXXXXXXXXX33346 INDN:KOUAKOUCOLETTE CO ID:XXXXX72103 WEB,-65.00,967.46
04/16/2024,OVERDRAFT ITEM FEE FOR ACTIVITY OF 04-16 ELECTRONIC TRANSACTION POSTING DATE 04-16-24 POSTING SEQ 00006,-10.00,957.46
04/17/2024,Online Banking transfer from SAV 8178 Confirmation# XXXXX40156,400.00,"1,357.46"
04/17/2024,SENDWAVE *PDNR 04/15 PURCHASE XXXXX68603 NY,-996.97,360.49
04/17/2024,AMZN Mktp US*X72H 04/16 PURCHASE XXXXX61072 WA,-10.65,349.84
04/17/2024,BKOFAMERICA ATM 04/17 #XXXXX8552 WITHDRWL GATEWAY VILLAGE CHARLOTTE NC,-200.00,149.84
04/17/2024,PLANET FIT DES:CLUB FEES ID:XXXXX06803411 INDN:CLAUDE KOUAKOU CO ID:XXXXX02737 PPD PMT INFO:704-548-2722,-10.00,139.84
04/18/2024,PUBLIX #1555 04/17 PURCHASE HARRISBURG NC,-16.65,123.19
04/18/2024,VICTORIA'S SEC 04/18 PURCHASE CHARLOTTE NC,-28.38,94.81
04/18/2024,CHECK ORDER00001 DES:FEE ID:161G9085 INDN:CLAUDE N KOUAKOU CO ID:XXXXX00001 PPD PMT INFO: PRODUCT(S): 0.00 S&H: 15.91 NC TAX: 1.11,-17.02,77.79
04/19/2024,Online Banking transfer from CHK 2102 Confirmation# XXXXX57727,100.00,177.79
04/19/2024,CIRCLE K 08378 04/19 PURCHASE HARRISBURG NC,-25.33,152.46
04/19/2024,NETFLIX COM 04/19 PURCHASE LOS GATOS CA,-16.57,135.89
04/19/2024,WALGREENS 4305 04/19 PURCHASE HARRISBURG NC,-12.96,122.93
04/22/2024,Online Banking transfer from SAV 8178 Confirmation# XXXXX84509,500.00,622.93
04/22/2024,Online Banking transfer from SAV 8178 Confirmation# XXXXX71129,150.00,772.93
04/22/2024,PUBLIX #1555 04/19 PURCHASE HARRISBURG NC,-21.91,751.02
04/22/2024,PUBLIX #1555 04/19 PURCHASE HARRISBURG NC,-24.42,726.60
04/22/2024,GOLDEN CORRAL 260 04/20 PURCHASE CHARLOTTE NC,-37.41,689.19
04/22/2024,GOLDEN CORRAL 260 04/20 PURCHASE CHARLOTTE NC,-20.00,669.19
04/22/2024,BURLINGTON STO 04/20 PURCHASE CHARLOTTE NC,-58.94,610.25
04/22/2024,QT 1032 04/20 PURCHASE CHARLOTTE NC,-4.06,606.19
04/22/2024,LOWE'S FOODS # 04/20 PURCHASE HARRISBURG NC,-20.86,585.33
04/22/2024,WALGREENS 4305 04/21 PURCHASE HARRISBURG NC,-10.48,574.85
04/22/2024,IDT BOSS INTL CAL 04/21 PURCHASE XXXXX68312 NJ,-10.00,564.85
04/22/2024,SUVIDHA INTL MARK 04/21 PURCHASE CHARLOTTE NC,-51.45,513.40
04/22/2024,PUBLIX #1555 04/21 PURCHASE HARRISBURG NC,-33.22,480.18
04/22/2024,CIRCLE K # 066 04/21 PURCHASE HARRISBURG NC,-20.30,459.88
04/22/2024,CIRCLE K 08378 04/22 PURCHASE HARRISBURG NC,-20.29,439.59
04/22/2024,Check 560,-300.00,139.59
04/23/2024,Online Banking transfer from SAV 8178 Confirmation# XXXXX02170,500.00,639.59
04/23/2024,WALGREENS 4305 04/23 PURCHASE HARRISBURG NC,-50.77,588.82
04/24/2024,IDT BOSS INTL CAL 04/23 PURCHASE XXXXX68312 NJ,-10.00,578.82
04/24/2024,Interest Earned,0.01,578.83
Beginning balance as of 01/26/2024,,22.18
Total credits,,"20,286.08"
Total debits,,"-20,234.43"
Ending balance as of 02/23/2024,,73.83

Date,Description,Amount,Running Bal.
01/26/2024,Beginning balance as of 01/26/2024,,22.18
01/26/2024,Online Banking transfer from CHK 2102 Confirmation# XXXXX85816,100.00,122.18
01/26/2024,CHICK-FIL-A #0409 01/24 PURCHASE HARRISBURG NC,-12.67,109.51
01/26/2024,FOOD LION #221 01/26 PURCHASE HARRISBURG NC,-49.79,59.72
01/26/2024,ALDI 66033 01/26 PURCHASE HARRISBURG NC,-29.12,30.60
01/29/2024,"Zelle payment from KOUADIA NDOUFFOU for tithe""; Conf# T0RWZ5L2D""",60.00,90.60
01/29/2024,Online Banking transfer from CHK 2102 Confirmation# XXXXX28581,30.00,120.60
01/29/2024,WAL-MART #1027 01/27 PURCHASE CONCORD NC,-9.10,111.50
01/29/2024,NNT SUNFLOUR B 01/27 PURCHASE HARRISBURG NC,-5.30,106.20
01/29/2024,PUBLIX SUPER M 01/27 PURCHASE HARRISBURG NC,-18.92,87.28
01/29/2024,CIRCLE K # 06616 01/28 PURCHASE HARRISBURG NC,-25.27,62.01
01/30/2024,GOOGLE *Google 01/29 PURCHASE Mountain View CA,-1.99,60.02
01/31/2024,CHARLOTTE MECKLE DES:PR PAYMENT ID:0600-XXXXX9618 INDN:Alla Kouakou Colette CO ID:XXXXX01074 PPD,"3,774.94","3,834.96"
01/31/2024,"BANK OF AMERICA, DES:BANK OF AM ID:XXXXXXXXXX8819 INDN:CLAUDE KOUAKOU CO ID:XXXXX76653 PPD","2,982.10","6,817.06"
01/31/2024,CIRCLE K # 06616 01/30 PURCHASE HARRISBURG NC,-20.04,"6,797.02"
01/31/2024,NNT SUNFLOUR B 01/31 PURCHASE HARRISBURG NC,-8.45,"6,788.57"
01/31/2024,Online Banking transfer to SAV 8178 Confirmation# XXXXX96178,"-3,700.00","3,088.57"
01/31/2024,Online Banking payment to CRD 8345 Confirmation# XXXXX19568,-200.00,"2,888.57"
02/01/2024,Online Banking transfer from SAV 8178 Confirmation# XXXXX56202,"3,000.00","5,888.57"
02/01/2024,ADT SECURITY*3144 01/31 PURCHASE XXXXX82727 FL,-59.16,"5,829.41"
02/01/2024,BACGATEWAYVILLAGE 01/31 PURCHASE CHARLOTTE NC,-7.04,"5,822.37"
02/01/2024,PUBLIX #1555 01/31 PURCHASE HARRISBURG NC,-31.46,"5,790.91"
02/01/2024,CIRCLE K # 06616 01/31 PURCHASE HARRISBURG NC,-30.19,"5,760.72"
02/01/2024,Amazon.com*R21DT1 01/31 PURCHASE Amzn.com/bill WA,-11.97,"5,748.75"
02/01/2024,PREFERREDPARKING DES:MONTHLYACH ID:45806-CLT - 116 INDN:CLAUDE KOUAKOU CO ID:XXXXX49648 PPD,-60.00,"5,688.75"
02/02/2024,Online Banking transfer from CHK 2102 Confirmation# XXXXX36249,300.00,"5,988.75"
02/02/2024,CHICK-FIL-A #0409 01/31 PURCHASE HARRISBURG NC,-12.67,"5,976.08"
02/02/2024,WAVE 02/01 PURCHASE XXXXX68603 NY,"-2,527.93","3,448.15"
02/02/2024,SENDWAVE *HLFY 02/01 PURCHASE XXXXX68603 NY,-300.00,"3,148.15"
02/02/2024,SUVIDHA INTL M 02/02 PURCHASE CHARLOTTE NC,-8.97,"3,139.18"
02/02/2024,SUVIDHA INTL M 02/02 PURCHASE CHARLOTTE NC,-45.29,"3,093.89"
02/05/2024,Online Banking transfer from SAV 8178 Confirmation# XXXXX47111,"1,726.00","4,819.89"
02/05/2024,Online Banking transfer from SAV 8178 Confirmation# XXXXX49643,"1,000.00","5,819.89"
02/05/2024,SENDWAVE *LHM2 02/02 PURCHASE XXXXX68603 NY,"-2,546.60","3,273.29"
02/05/2024,CVS/PHARMACY #070 02/02 PURCHASE HARRISBURG NC,-8.50,"3,264.79"
02/05/2024,WALGREENS 4305 02/03 PURCHASE HARRISBURG NC,-35.27,"3,229.52"
02/05/2024,WAVE 02/04 PURCHASE XXXXX68603 NY,-30.00,"3,199.52"
02/05/2024,WAVE 02/04 PURCHASE XXXXX68603 NY,-967.70,"2,231.82"
02/05/2024,PUBLIX #1555 02/04 PURCHASE HARRISBURG NC,-40.70,"2,191.12"
02/05/2024,PROG PREMIER DES:INS PREM ID:XXXXX5486 Claud INDN:Claude Kouakou CO ID:XXXXX48104 PPD,-125.69,"2,065.43"
02/06/2024,Online Banking transfer from SAV 8178 Confirmation# XXXXX56404,400.00,"2,465.43"
02/06/2024,Online Banking transfer from CHK 2102 Confirmation# XXXXX61980,200.00,"2,665.43"
02/06/2024,SIMPLEMOBILE*AIRT 02/05 PURCHASE XXXXX87908 FL,-105.07,"2,560.36"
02/06/2024,SENDWAVE *A5UI 02/05 PURCHASE XXXXX68603 NY,-8.37,"2,551.99"
02/06/2024,SHELL SERVICE 02/06 PURCHASE CHARLOTTE NC,-34.76,"2,517.23"
02/06/2024,WM SUPERCENTER 02/06 PURCHASE CONCORD NC,-5.96,"2,511.27"
02/06/2024,Check 548,-600.00,"1,911.27"
02/07/2024,Online Banking transfer from SAV 8178 Confirmation# XXXXX55146,300.00,"2,211.27"
02/07/2024,Online Banking transfer from CHK 2102 Confirmation# XXXXX59189,200.00,"2,411.27"
02/07/2024,CIRCLE K 08378 02/07 PURCHASE HARRISBURG NC,-20.41,"2,390.86"
02/07/2024,WM SUPERCENTER 02/07 PURCHASE CONCORD NC,-508.00,"1,882.86"
02/07/2024,WM SUPERCENTER 02/07 PURCHASE CONCORD NC,-25.59,"1,857.27"
02/07/2024,WAL Wal-Mart S 02/07 PURCHASE CONCORD NC,-6.06,"1,851.21"
02/07/2024,PLANET HOME DES:ACH PMTS ID:XXXXX59329 INDN:CLAUDE KOUAKOU CO ID:XXXXX62771 WEB,"-1,725.42",125.79
02/09/2024,Online Banking transfer from SAV 8178 Confirmation# XXXXX13314,200.00,325.79
02/09/2024,PUBLIX SUPER M 02/09 PURCHASE HARRISBURG NC,-44.06,281.73
02/12/2024,"Zelle payment from KOUADIA NDOUFFOU for Tithe""; Conf# T0RY3TFF2""",60.00,341.73
02/12/2024,SQ *EDDIE DRAKEFO 02/09 PURCHASE Harrisburg NC,-40.00,301.73
02/12/2024,SENDWAVE *IGRA 02/09 PURCHASE XXXXX68603 NY,-85.00,216.73
02/12/2024,QT 1031 02/10 PURCHASE HARRISBURG NC,-4.26,212.47
02/12/2024,CHICK-FIL-A #0409 02/10 PURCHASE HARRISBURG NC,-15.65,196.82
02/12/2024,IDT BOSS INTL CAL 02/11 PURCHASE XXXXX68312 NJ,-10.00,186.82
02/12/2024,WALGREENS 4305 02/11 PURCHASE HARRISBURG NC,-7.27,179.55
02/12/2024,AMZN Mktp US*RI9N 02/12 PURCHASE XXXXX61072 WA,-13.90,165.65
02/12/2024,Check 549,-60.00,105.65
02/12/2024,Check 550,-20.00,85.65
02/13/2024,Online Banking transfer from CHK 2102 Confirmation# XXXXX63560,100.00,185.65
02/13/2024,SUNFLOUR BAKING C 02/12 PURCHASE HARRISBURG NC,-8.45,177.20
02/13/2024,DOLLAR TREE 02/12 PURCHASE HARRISBURG NC,-5.35,171.85
02/13/2024,IDT BOSS INTL CAL 02/12 PURCHASE XXXXX68312 NJ,-10.00,161.85
02/14/2024,CEDAR STREET TAVE 02/12 PURCHASE CHARLOTTE NC,-4.79,157.06
02/14/2024,PUBLIX #1555 02/13 PURCHASE HARRISBURG NC,-39.90,117.16
02/14/2024,DOLLAR TREE 02/14 PURCHASE HARRISBURG NC,-9.10,108.06
02/15/2024,"BANK OF AMERICA, DES:BANK OF AM ID:XXXXXXXXXX8819 INDN:CLAUDE KOUAKOU CO ID:XXXXX76653 PPD","4,558.03","4,666.09"
02/15/2024,PUBLIX #1555 02/14 PURCHASE HARRISBURG NC,-55.88,"4,610.21"
02/15/2024,CIRCLE K 08378 02/15 PURCHASE HARRISBURG NC,-50.40,"4,559.81"
02/15/2024,Online Banking transfer to SAV 8178 Confirmation# XXXXX38244,"-3,000.00","1,559.81"
02/15/2024,NNT SUNFLOUR B 02/15 PURCHASE HARRISBURG NC,-8.45,"1,551.36"
02/15/2024,Subway 39742 02/15 PURCHASE Charlotte NC,-5.94,"1,545.42"
02/16/2024,PUBLIX #1555 02/15 PURCHASE HARRISBURG NC,-42.17,"1,503.25"
02/16/2024,NNT SUNFLOUR B 02/16 PURCHASE HARRISBURG NC,-10.59,"1,492.66"
02/16/2024,COMPARE FOODS 02/16 PURCHASE CHARLOTTE NC,-83.73,"1,408.93"
02/16/2024,SUVIDHA INTL M 02/16 PURCHASE CHARLOTTE NC,-29.51,"1,379.42"
02/16/2024,CAPITAL ONE DES:ONLINE PMT ID:3WYXVA7IW4SNE4W INDN:CLAUDE N KOUAKOU CO ID:XXXXX44391 WEB,-100.00,"1,279.42"
02/20/2024,Zelle payment from KOUADIA NDOUFFOU Conf# T0RYNB7QC,60.00,"1,339.42"
02/20/2024,BKOFAMERICA ATM 02/17 #XXXXX5994 WITHDRWL CODDLE CREEK VILLA CONCORD NC,-140.00,"1,199.42"
02/20/2024,CHICK-FIL-A #0409 02/15 PURCHASE HARRISBURG NC,-10.15,"1,189.27"
02/20/2024,BACGATEWAYVILLAGE 02/16 PURCHASE CHARLOTTE NC,-8.55,"1,180.72"
02/20/2024,SENDWAVE *KJ6R 02/16 PURCHASE XXXXX68603 NY,-33.59,"1,147.13"
02/20/2024,CHARLOTTE MARKET 02/16 PURCHASE CHARLOTTE NC,-177.56,969.57
02/20/2024,FOOD LION #145 02/17 PURCHASE CONCORD NC,-9.91,959.66
02/20/2024,BK BEAUTY SUPPLY 02/18 PURCHASE CONCORD NC,-47.56,912.10
02/20/2024,BK BEAUTY SUPPLY 02/18 PURCHASE CONCORD NC,-36.10,876.00
02/20/2024,WM SUPERCENTER 02/18 PURCHASE CONCORD NC,-85.81,790.19
02/20/2024,NETFLIX COM 02/19 PURCHASE LOS GATOS CA,-16.57,773.62
02/20/2024,NNT SUNFLOUR B 02/19 PURCHASE HARRISBURG NC,-10.59,763.03
02/20/2024,BELK #329 7115 02/19 PURCHASE CHARLOTTE NC,-300.00,463.03
02/20/2024,CIRCLE K 08378 02/20 PURCHASE HARRISBURG NC,-20.23,442.80
02/20/2024,BELK Rewards DES:SYF PAYMNT ID:XXXXXXXXXX33346 INDN:KOUAKOUCOLETTE CO ID:XXXXX72103 WEB,-65.00,377.80
02/20/2024,PLANET FIT DES:CLUB FEES ID:XXXXX10946077 INDN:CLAUDE KOUAKOU CO ID:XXXXX02737 PPD PMT INFO:704-548-2722,-10.00,367.80
02/21/2024,Online Banking transfer from SAV 8178 Confirmation# XXXXX58124,"1,235.00","1,602.80"
02/21/2024,BACGATEWAYVILLAGE 02/20 PURCHASE CHARLOTTE NC,-8.12,"1,594.68"
02/21/2024,SHELL SERVICE 02/21 PURCHASE CHARLOTTE NC,-48.72,"1,545.96"
02/21/2024,Check 551,-450.00,"1,095.96"
02/22/2024,Spectrum 02/21 PURCHASE XXXXX77328 MO,-109.98,985.98
02/22/2024,PUBLIX #1555 02/21 PURCHASE HARRISBURG NC,-19.50,966.48
02/22/2024,BKOFAMERICA ATM 02/22 #XXXXX8598 WITHDRWL GATEWAY VILLAGE CHARLOTTE NC,-100.00,866.48
02/22/2024,COMPARE FOODS 02/22 PURCHASE CHARLOTTE NC,-49.51,816.97
02/22/2024,LOWE'S FOODS # 02/22 PURCHASE HARRISBURG NC,-26.07,790.90
02/22/2024,DUKEENERGYCORPOR DES:WEB_PAY ID:XXXXXXXXXX2124 INDN:XXXXX02960 CO ID:XXXXX30001 PPD,-222.78,568.12
02/22/2024,DOMINION ENERGY DES:DRAFT ID:XXXXX24956820 INDN:CLAUDE N KOUAKOU CO ID:XXXXX48695 WEB,-172.68,395.44
02/22/2024,SPECTRUM DES:SPECTRUM ID:1572768 INDN:CHECKING2092 CO ID:XXXXX58635 WEB,-165.54,229.90
02/23/2024,ALDI 66033 02/23 PURCHASE HARRISBURG NC,-41.17,188.73
02/23/2024,CITY OF CONCORD DES:UTILITY ID:1786868 INDN:CLAUDE *KOUAKOU CO ID:XXXXX63576 TEL,-111.96,76.77
02/23/2024,IC FEE CONCORD DES:WEB PAYMNT ID:1791206 INDN:CLAUDE *KOUAKOU CO ID:XXXXX63576 TEL,-2.95,73.82
02/23/2024,Interest Earned,0.01,73.83
Beginning balance as of 12/23/2023,,239.80
Total credits,,"9,507.74"
Total debits,,"-9,725.36"
Ending balance as of 01/25/2024,,22.18

Date,Description,Amount,Running Bal.
12/23/2023,Beginning balance as of 12/23/2023,,239.80
12/26/2023,Online Banking transfer from SAV 8178 Confirmation# XXXXX69259,"1,135.00","1,374.80"
12/26/2023,Online Banking transfer from CHK 2102 Confirmation# XXXXX96761,450.00,"1,824.80"
12/26/2023,Online Banking transfer from SAV 8178 Confirmation# XXXXX69195,200.00,"2,024.80"
12/26/2023,Online Banking transfer from CHK 2102 Confirmation# XXXXX02736,100.00,"2,124.80"
12/26/2023,Online Banking transfer from SAV 8178 Confirmation# XXXXX19134,100.00,"2,224.80"
12/26/2023,CVS/PHARMACY #070 12/23 REFUND XXXXX67287 NC,15.50,"2,240.30"
12/26/2023,STARBUCKS STORE 0 12/21 PURCHASE CHARLOTTE NC,-9.09,"2,231.21"
12/26/2023,365 MARKET K 888 12/21 PURCHASE TROY MI,-6.92,"2,224.29"
12/26/2023,WAVE 12/21 PURCHASE XXXXX68603 NY,-171.00,"2,053.29"
12/26/2023,BOJANGLES 479 12/23 PURCHASE HARRISBURG NC,-13.50,"2,039.79"
12/26/2023,RESTAURANT DEPOT 12/23 PURCHASE CHARLOTTE NC,-220.32,"1,819.47"
12/26/2023,NNT DON JUAN B 12/23 PURCHASE CHARLOTTE NC,-6.50,"1,812.97"
12/26/2023,BAHIA DE GRACIA R 12/23 PURCHASE CHARLOTTE NC,-6.68,"1,806.29"
12/26/2023,COMPARE FOODS 12/23 PURCHASE CHARLOTTE NC,-143.02,"1,663.27"
12/26/2023,LOWE'S FOODS # 12/23 PURCHASE HARRISBURG NC,-26.12,"1,637.15"
12/26/2023,PUBLIX #1555 12/23 PURCHASE HARRISBURG NC,-49.75,"1,587.40"
12/26/2023,ALDI 66033 12/23 PURCHASE HARRISBURG NC,-78.42,"1,508.98"
12/26/2023,CVS/PHARMACY #070 12/23 PURCHASE HARRISBURG NC,-15.50,"1,493.48"
12/26/2023,CVS/PHARMACY #070 12/23 PURCHASE HARRISBURG NC,-9.39,"1,484.09"
12/26/2023,LOWE'S FOODS # 12/24 PURCHASE HARRISBURG NC,-15.25,"1,468.84"
12/26/2023,WALGREENS 4305 12/24 PURCHASE HARRISBURG NC,-16.03,"1,452.81"
12/26/2023,LOWE'S FOODS # 12/24 PURCHASE HARRISBURG NC,-33.59,"1,419.22"
12/26/2023,PUBLIX #1555 12/24 PURCHASE HARRISBURG NC,-79.24,"1,339.98"
12/26/2023,NETFLIX COM 12/25 PURCHASE LOS GATOS CA,-24.60,"1,315.38"
12/26/2023,Check 1557,-20.00,"1,295.38"
12/27/2023,QT 1031 12/26 PURCHASE HARRISBURG NC,-2.13,"1,293.25"
12/27/2023,WAVE 12/26 PURCHASE XXXXX68603 NY,"-1,134.35",158.90
12/28/2023,CIRCLE K 08378 12/28 PURCHASE HARRISBURG NC,-14.40,144.50
12/29/2023,"BANK OF AMERICA, DES:BANK OF AM ID:XXXXXXXXXX8819 INDN:CLAUDE KOUAKOU CO ID:XXXXX76653 PPD","2,975.13","3,119.63"
12/29/2023,CEDAR STREET TAVE 12/27 PURCHASE CHARLOTTE NC,-3.79,"3,115.84"
01/02/2024,PUBLIX #1555 12/29 PURCHASE HARRISBURG NC,-26.83,"3,089.01"
01/02/2024,CVS/PHARMACY #070 12/29 PURCHASE HARRISBURG NC,-13.89,"3,075.12"
01/02/2024,GOOGLE *Google 12/29 PURCHASE Mountain View CA,-1.99,"3,073.13"
01/02/2024,CHICK-FIL-A #0409 12/29 PURCHASE HARRISBURG NC,-23.03,"3,050.10"
01/02/2024,SENDWAVE *EA9Y 12/30 PURCHASE XXXXX68603 NY,-241.77,"2,808.33"
01/02/2024,IDT BOSS INTL CAL 12/30 PURCHASE XXXXX68312 NJ,-10.00,"2,798.33"
01/02/2024,Zelle payment to Rose Lauren Kouakou-Ndri Conf# bx2uyh3fb,-50.00,"2,748.33"
01/02/2024,WAL Wal-Mart S 12/30 PURCHASE CONCORD NC,-44.48,"2,703.85"
01/02/2024,ADT SECURITY*3144 12/31 PURCHASE XXXXX82727 FL,-54.77,"2,649.08"
01/02/2024,Online Banking payment to CRD 8345 Confirmation# XXXXX64296,-200.00,"2,449.08"
01/02/2024,QT 1031 12/31 PURCHASE HARRISBURG NC,-8.12,"2,440.96"
01/02/2024,PUBLIX #1555 12/31 PURCHASE HARRISBURG NC,-35.39,"2,405.57"
01/02/2024,BP#2321545CARO 01/02 PURCHASE HARRISBURG NC,-37.74,"2,367.83"
01/02/2024,CVS/PHARMACY # 01/02 PURCHASE HARRISBURG NC,-9.62,"2,358.21"
01/02/2024,NNT SUNFLOUR B 01/02 PURCHASE HARRISBURG NC,-8.45,"2,349.76"
01/02/2024,WM SUPERCENTER 01/02 PURCHASE CONCORD NC,-505.50,"1,844.26"
01/02/2024,COMPARE FOODS 01/02 PURCHASE CHARLOTTE NC,-98.89,"1,745.37"
01/02/2024,PREFERREDPARKING DES:MONTHLYACH ID:45806-CLT - 116 INDN:CLAUDE KOUAKOU CO ID:XXXXX49648 PPD,-60.00,"1,685.37"
01/03/2024,Online Banking transfer from SAV 8178 Confirmation# XXXXX10601,900.00,"2,585.37"
01/03/2024,"WWP*PESTBAN, LLC 01/02 PURCHASE XXXXX21121 GA",-74.00,"2,511.37"
01/03/2024,CIRCLE K 08378 01/03 PURCHASE HARRISBURG NC,-15.21,"2,496.16"
01/03/2024,VISION CENTER 01/03 PURCHASE CONCORD NC,-8.54,"2,487.62"
01/03/2024,PROG PREMIER DES:INS PREM ID:XXXXX5486 Claud INDN:Claude Kouakou CO ID:XXXXX48104 PPD,-125.72,"2,361.90"
01/05/2024,CHICK-FIL-A #0111 01/03 PURCHASE CONCORD NC,-10.15,"2,351.75"
01/05/2024,WALGREENS 4305 01/05 PURCHASE HARRISBURG NC,-10.25,"2,341.50"
01/05/2024,PLANET HOME DES:ACH PMTS ID:XXXXX59329 INDN:CLAUDE KOUAKOU CO ID:XXXXX62771 WEB,"-1,725.42",616.08
01/08/2024,Online Banking transfer from SAV 8178 Confirmation# XXXXX22695,500.00,"1,116.08"
01/08/2024,CHICK-FIL-A #0409 01/04 PURCHASE HARRISBURG NC,-10.15,"1,105.93"
01/08/2024,WAVE 01/05 PURCHASE XXXXX68603 NY,-289.06,816.87
01/08/2024,PUBLIX SUPER M 01/07 PURCHASE HARRISBURG NC,-55.74,761.13
01/08/2024,PUBLIX SUPER M 01/08 PURCHASE HARRISBURG NC,-32.05,729.08
01/08/2024,Check 544,-600.00,129.08
01/10/2024,CHICK-FIL-A #0409 01/08 PURCHASE HARRISBURG NC,-10.15,118.93
01/10/2024,BP#2321545CARO 01/10 PURCHASE HARRISBURG NC,-24.35,94.58
01/11/2024,Online Banking transfer from SAV 8178 Confirmation# XXXXX66302,100.00,194.58
01/11/2024,CIRCLE K # 06616 01/10 PURCHASE HARRISBURG NC,-15.25,179.33
01/11/2024,CAPITAL ONE DES:ONLINE PMT ID:3WRCYA8FQFQSQJ4 INDN:CLAUDE N KOUAKOU CO ID:XXXXX44391 WEB,-100.00,79.33
01/12/2024,"BANK OF AMERICA, DES:BANK OF AM ID:XXXXXXXXXX8819 INDN:CLAUDE KOUAKOU CO ID:XXXXX76653 PPD","2,982.10","3,061.43"
01/16/2024,"Zelle payment from KOUADIA NDOUFFOU for with""; Conf# T0RVYD6LG""",50.00,"3,111.43"
01/16/2024,SUVIDHA INTL MARK 01/12 PURCHASE CHARLOTTE NC,-19.24,"3,092.19"
01/16/2024,PUBLIX #1555 01/12 PURCHASE HARRISBURG NC,-26.05,"3,066.14"
01/16/2024,BK BEAUTY SUPPLY 01/13 PURCHASE CONCORD NC,-71.05,"2,995.09"
01/16/2024,SQ *SMOKE N' KUTZ 01/13 PURCHASE Harrisburg NC,-40.25,"2,954.84"
01/16/2024,WAL Wal-Mart S 01/13 PURCHASE CONCORD NC,-34.55,"2,920.29"
01/16/2024,WAL Wal-Mart S 01/13 PURCHASE CONCORD NC,-69.54,"2,850.75"
01/16/2024,WAL-MART #1027 01/13 PURCHASE CONCORD NC,-73.36,"2,777.39"
01/16/2024,CHICK-FIL-A #0111 01/13 PURCHASE CONCORD NC,-20.00,"2,757.39"
01/16/2024,WALGREENS 4305 01/13 PURCHASE HARRISBURG NC,-14.97,"2,742.42"
01/16/2024,Amazon.com*RT0O31 01/15 PURCHASE Amzn.com/bill WA,-20.28,"2,722.14"
01/16/2024,NNT SUNFLOUR B 01/15 PURCHASE HARRISBURG NC,-8.24,"2,713.90"
01/16/2024,PUBLIX #1555 01/15 PURCHASE HARRISBURG NC,-18.97,"2,694.93"
01/16/2024,Online Banking transfer to CHK 2102 Confirmation# XXXXX06700,"-1,000.00","1,694.93"
01/16/2024,RESTAURANT DEP 01/15 PURCHASE CHARLOTTE NC,-344.92,"1,350.01"
01/16/2024,CIRCLE K 08378 01/16 PURCHASE HARRISBURG NC,-20.31,"1,329.70"
01/16/2024,Check 543,-300.00,"1,029.70"
01/16/2024,Check 545,-50.00,979.70
01/17/2024,Harrisburg Wellne 01/16 PURCHASE Harrisburg NC,-25.00,954.70
01/17/2024,BURLINGTON STO 01/17 PURCHASE CHARLOTTE NC,-41.48,913.22
01/17/2024,SPECTRUM DES:SPECTRUM ID:0652600 INDN:CHECKING2092 CO ID:XXXXX58635 WEB,-165.54,747.68
01/17/2024,DUKEENERGYCORPOR DES:WEB_PAY ID:XXXXXXXXXX1524 INDN:XXXXX02960 CO ID:XXXXX30001 PPD,-164.69,582.99
01/17/2024,CITY OF CONCORD DES:UTILITY ID:0597400 INDN:CLAUDE *KOUAKOU CO ID:XXXXX63576 TEL,-83.29,499.70
01/17/2024,BELK Rewards DES:SYF PAYMNT ID:XXXXXXXXXX33346 INDN:KOUAKOUCOLETTE CO ID:XXXXX72103 WEB,-62.00,437.70
01/17/2024,PLANET FIT DES:CLUB FEES ID:XXXXX08021044 INDN:CLAUDE KOUAKOU CO ID:XXXXX02737 PPD PMT INFO:704-548-2722,-10.00,427.70
01/17/2024,IC FEE CONCORD DES:WEB PAYMNT ID:0572464 INDN:CLAUDE *KOUAKOU CO ID:XXXXX63576 TEL,-2.95,424.75
01/18/2024,BACGATEWAYVILLAGE 01/17 PURCHASE CHARLOTTE NC,-6.50,418.25
01/18/2024,7-ELEVEN 01/18 PURCHASE CHARLOTTE NC,-5.69,412.56
01/19/2024,PUBLIX #1555 01/18 PURCHASE HARRISBURG NC,-17.93,394.63
01/19/2024,NETFLIX COM 01/19 PURCHASE LOS GATOS CA,-16.57,378.06
01/19/2024,CIRCLE K 08378 01/19 PURCHASE HARRISBURG NC,-20.04,358.02
01/22/2024,BP#2321545CARO 01/20 PURCHASE HARRISBURG NC,-40.10,317.92
01/22/2024,CHICK-FIL-A #0409 01/20 PURCHASE HARRISBURG NC,-10.15,307.77
01/22/2024,SIMPLEMOBILE*AIRT 01/20 PURCHASE XXXXX87908 FL,-54.99,252.78
01/22/2024,SIMPLEMOBILE*AIRT 01/20 PURCHASE XXXXX87908 FL,-22.32,230.46
01/22/2024,SIMPLEMOBILE*AIRT 01/20 PURCHASE XXXXX87908 FL,-27.76,202.70
01/22/2024,PUBLIX #1555 01/21 PURCHASE HARRISBURG NC,-40.71,161.99
01/22/2024,TJMAXX #0 8331 01/22 PURCHASE CHARLOTTE NC,-23.27,138.72
01/22/2024,WALGREENS 4305 01/22 PURCHASE HARRISBURG NC,-8.31,130.41
01/25/2024,IDT BOSS INTL CAL 01/24 PURCHASE XXXXX68312 NJ,-10.00,120.41
01/25/2024,PUBLIX #1555 01/24 PURCHASE HARRISBURG NC,-37.34,83.07
01/25/2024,NETFLIX COM 01/25 PURCHASE LOS GATOS CA,-24.60,58.47
01/25/2024,AUTOZONE 1206 01/25 PURCHASE HARRISBURG NC,-27.80,30.67
01/25/2024,WAL-MART #1027 01/25 PURCHASE CONCORD NC,-8.50,22.17
01/25/2024,Interest Earned,0.01,22.18
Beginning balance as of 05/25/2024,,98.77
Total credits,,"28,338.50"
Total debits,,"-28,271.51"
Ending balance as of 06/24/2024,,165.76

Date,Description,Amount,Running Bal.
05/25/2024,Beginning balance as of 05/25/2024,,98.77
05/28/2024,Online Banking transfer from CHK 2102 Confirmation# XXXXX81706,100.00,198.77
05/28/2024,STARBUCKS STORE 0 05/23 PURCHASE CHARLOTTE NC,-10.39,188.38
05/28/2024,SUNFLOUR BAKING C 05/24 PURCHASE HARRISBURG NC,-12.20,176.18
05/28/2024,BACGATEWAYVILLAGE 05/24 PURCHASE CHARLOTTE NC,-7.04,169.14
05/28/2024,NETFLIX.COM 05/25 PURCHASE LOS GATOS CA,-24.60,144.54
05/28/2024,BK BEAUTY SUPPLY 05/25 PURCHASE CONCORD NC,-39.54,105.00
05/28/2024,WAL Wal-Mart S 05/25 PURCHASE CONCORD NC,-6.93,98.07
05/28/2024,WM SUPERCENTER 05/25 PURCHASE CONCORD NC,-12.03,86.04
05/28/2024,WALGREENS 4305 05/26 PURCHASE HARRISBURG NC,-14.42,71.62
05/28/2024,Zelle payment to Rose Lauren Kouakou-Ndri Conf# ax78aa1wc,-20.00,51.62
05/29/2024,Online Banking transfer from CHK 2102 Confirmation# XXXXX14200,200.00,251.62
05/29/2024,AMZN Mktp US*W95X 05/28 PURCHASE XXXXX61072 WA,-13.90,237.72
05/29/2024,BACGATEWAYVILLAGE 05/28 PURCHASE CHARLOTTE NC,-9.69,228.03
05/29/2024,GOOGLE *Google 05/28 PURCHASE Mountain View CA,-1.99,226.04
05/29/2024,SHELL SERVICE 05/29 PURCHASE CHARLOTTE NC,-22.10,203.94
05/29/2024,LOWE'S FOODS # 05/29 PURCHASE HARRISBURG NC,-20.25,183.69
05/29/2024,WALGREENS 4305 05/29 PURCHASE HARRISBURG NC,-24.70,158.99
05/29/2024,CVS/PHARM 0705 05/29 PURCHASE HARRISBURG NC,-6.61,152.38
05/30/2024,7-ELEVEN 05/30 PURCHASE Charlotte NC,-2.74,149.64
05/30/2024,LOWE'S FOODS # 05/30 PURCHASE HARRISBURG NC,-6.62,143.02
05/31/2024,CHARLOTTE MECKLE DES:PR PAYMENT ID:0600-XXXXX9618 INDN:Alla Kouakou Colette CO ID:XXXXX01074 PPD,"3,774.94","3,917.96"
05/31/2024,"BANK OF AMERICA, DES:BANK OF AM ID:XXXXXXXXXX8819 INDN:CLAUDE KOUAKOU CO ID:XXXXX76653 PPD","3,023.28","6,941.24"
05/31/2024,SUVIDHA INTL MARK 05/30 PURCHASE CHARLOTTE NC,-17.14,"6,924.10"
06/03/2024,Online Banking transfer from SAV 8178 Confirmation# XXXXX53015,"11,400.00","18,324.10"
06/03/2024,ADT SECURITY*3144 05/31 PURCHASE XXXXX82727 FL,-59.16,"18,264.94"
06/03/2024,SUNFLOUR BAKING C 06/01 PURCHASE HARRISBURG NC,-8.45,"18,256.49"
06/03/2024,GOLDEN CORRAL 260 06/01 PURCHASE CHARLOTTE NC,-37.84,"18,218.65"
06/03/2024,GOLDEN CORRAL 260 06/01 PURCHASE CHARLOTTE NC,-10.00,"18,208.65"
06/03/2024,FOOD LION #2214 06/01 PURCHASE HARRISBURG NC,-16.69,"18,191.96"
06/03/2024,SIMPLEMOBILE*AIRT 06/01 PURCHASE XXXXX87908 FL,-104.28,"18,087.68"
06/03/2024,NNT SUNFLOUR B 06/02 PURCHASE HARRISBURG NC,-8.45,"18,079.23"
06/03/2024,CIRCLE K 08378 06/02 PURCHASE HARRISBURG NC,-30.33,"18,048.90"
06/03/2024,TFO #128 06/02 PURCHASE CHARLOTTE NC,-95.44,"17,953.46"
06/03/2024,DON JUAN BAKERY 06/02 PURCHASE CHARLOTTE NC,-3.25,"17,950.21"
06/03/2024,COMPARE FOODS SUP 06/02 PURCHASE CHARLOTTE NC,-148.80,"17,801.41"
06/03/2024,Online Banking transfer to SAV 8178 Confirmation# XXXXX18974,"-14,400.00","3,401.41"
06/03/2024,Sendwave 06/03 PMNT SENT XXXXX68603 MA,-290.69,"3,110.72"
06/03/2024,Check 1604,-20.00,"3,090.72"
06/03/2024,Check 1605,-600.00,"2,490.72"
06/03/2024,BANK OF AMERICA CREDIT CARD Bill Payment,-500.00,"1,990.72"
06/03/2024,PREFERREDPARKING DES:MONTHLYACH ID:45806-CLT - 116 INDN:CLAUDE KOUAKOU CO ID:XXXXX49648 PPD,-60.00,"1,930.72"
06/04/2024,Online Banking transfer from SAV 8178 Confirmation# XXXXX04530,"4,517.00","6,447.72"
06/04/2024,Online Banking transfer from SAV 8178 Confirmation# XXXXX53222,500.00,"6,947.72"
06/04/2024,Online Banking transfer from CHK 2102 Confirmation# XXXXX46739,100.00,"7,047.72"
06/04/2024,SUNFLOUR BAKING C 06/03 PURCHASE HARRISBURG NC,-8.24,"7,039.48"
06/04/2024,BACGATEWAYVILLAGE 06/03 PURCHASE CHARLOTTE NC,-7.20,"7,032.28"
06/04/2024,PUBLIX #1555 06/03 PURCHASE HARRISBURG NC,-11.61,"7,020.67"
06/04/2024,IDT BOSS INTL CAL 06/04 PURCHASE XXXXX68312 NJ,-10.00,"7,010.67"
06/04/2024,QT 1065 OUTSID 06/04 PURCHASE CHARLOTTE NC,-36.48,"6,974.19"
06/04/2024,WAL Wal-Mart S 06/04 PURCHASE CONCORD NC,-508.00,"6,466.19"
06/04/2024,WAL Wal-Mart S 06/04 PURCHASE CONCORD NC,-57.31,"6,408.88"
06/04/2024,PUBLIX SUPER M 06/04 PURCHASE HARRISBURG NC,-62.22,"6,346.66"
06/04/2024,PROG PREMIER DES:INS PREM ID:XXXXX5486 Claud INDN:Claude Kouakou CO ID:XXXXX48104 PPD,-125.66,"6,221.00"
06/05/2024,Online Banking transfer from SAV 8178 Confirmation# XXXXX65551,300.00,"6,521.00"
06/05/2024,Online Banking transfer from CHK 2102 Confirmation# XXXXX74500,200.00,"6,721.00"
06/05/2024,Sendwave 06/04 PMNT SENT XXXXX68603 MA,-99.00,"6,622.00"
06/05/2024,BACGATEWAYVILLAGE 06/04 PURCHASE CHARLOTTE NC,-5.40,"6,616.60"
06/05/2024,ASAPTICKETS 80075 06/04 PURCHASE XXXXX00207 DE,"-4,067.04","2,549.56"
06/05/2024,FLYASAPTICKETS 06/04 PURCHASE XXXXX02238 DE,-118.00,"2,431.56"
06/05/2024,CITY OF CONCOR 06/05 PURCHASE CONCORD NC,-220.95,"2,210.61"
06/05/2024,PLANET HOME DES:ACH PMTS ID:XXXXX59329 INDN:CLAUDE KOUAKOU CO ID:XXXXX62771 WEB,"-1,702.66",507.95
06/06/2024,QT 1031 06/04 PURCHASE HARRISBURG NC,-2.02,505.93
06/06/2024,STARBUCKS STORE 0 06/04 PURCHASE CHARLOTTE NC,-2.87,503.06
06/06/2024,BACGATEWAYVILLAGE 06/05 PURCHASE CHARLOTTE NC,-7.55,495.51
06/06/2024,TAKE 5 OIL CHANGE 06/05 PURCHASE HARRISBURG NC,-77.01,418.50
06/06/2024,FOOD LION #2214 06/05 PURCHASE HARRISBURG NC,-30.58,387.92
06/06/2024,Sendwave 06/06 PMNT SENT XXXXX68603 MA,-85.48,302.44
06/07/2024,QT 1031 06/05 PURCHASE HARRISBURG NC,-20.08,282.36
06/07/2024,CVS/PHARMACY #070 06/06 PURCHASE HARRISBURG NC,-18.18,264.18
06/10/2024,Online Banking transfer from CHK 2102 Confirmation# XXXXX63152,100.00,364.18
06/10/2024,BACGATEWAYVILLAGE 06/07 PURCHASE CHARLOTTE NC,-4.71,359.47
06/10/2024,PUBLIX #1555 06/07 PURCHASE HARRISBURG NC,-14.42,345.05
06/10/2024,NNT SUNFLOUR B 06/09 PURCHASE HARRISBURG NC,-8.24,336.81
06/10/2024,CDIVOIRE WASH US 06/09 PURCHASE XXXXX70300 DC,-150.00,186.81
06/10/2024,PUBLIX SUPER M 06/09 PURCHASE HARRISBURG NC,-42.42,144.39
06/10/2024,PUBLIX #1555 06/09 PURCHASE HARRISBURG NC,-44.39,100.00
06/10/2024,PUBLIX #1555 06/09 PURCHASE HARRISBURG NC,-11.56,88.44
06/10/2024,USPS PO 3 4258 06/10 PURCHASE HARRISBURG NC,-19.70,68.74
06/10/2024,SHELL SERVICE 06/10 PURCHASE CHARLOTTE NC,-17.47,51.27
06/10/2024,LOWE'S FOODS # 06/10 PURCHASE HARRISBURG NC,-37.15,14.12
06/11/2024,SUNFLOUR BAKING C 06/10 PURCHASE HARRISBURG NC,-8.45,5.67
06/11/2024,BACGATEWAYVILLAGE 06/10 PURCHASE CHARLOTTE NC,-5.41,0.26
06/12/2024,Online Banking transfer from SAV 8178 Confirmation# XXXXX92600,200.00,200.26
06/12/2024,Online Banking transfer from SAV 8178 Confirmation# XXXXX75750,200.00,400.26
06/13/2024,BACGATEWAYVILLAGE 06/12 PURCHASE CHARLOTTE NC,-0.26,400.00
06/13/2024,CIRCLE K 05111 06/12 PURCHASE CHARLOTTE NC,-23.31,376.69
06/13/2024,STARBUCKS 08460 06/12 PURCHASE CHARLOTTE NC,-7.20,369.49
06/13/2024,CHARLOTTE MARKET 06/12 PURCHASE CHARLOTTE NC,-47.60,321.89
06/13/2024,BELK #329 7115 06/13 PURCHASE CHARLOTTE NC,-26.67,295.22
06/14/2024,"BANK OF AMERICA, DES:BANK OF AM ID:XXXXXXXXXX8819 INDN:CLAUDE KOUAKOU CO ID:XXXXX76653 PPD","3,023.27","3,318.49"
06/14/2024,AHPC CFM HARRISBU 06/13 PURCHASE HARRISBURG NC,-20.00,"3,298.49"
06/14/2024,AHPC CFM HARRISBU 06/13 PURCHASE HARRISBURG NC,-125.81,"3,172.68"
06/14/2024,BACGATEWAYVILLAGE 06/13 PURCHASE CHARLOTTE NC,-5.85,"3,166.83"
06/14/2024,NNT SUNFLOUR B 06/14 PURCHASE HARRISBURG NC,-8.45,"3,158.38"
06/17/2024,PUBLIX #1555 06/14 PURCHASE HARRISBURG NC,-33.99,"3,124.39"
06/17/2024,SYNCB PAYMENT 06/15 PURCHASE XXXXX19049 GA,-60.00,"3,064.39"
06/17/2024,TARGET 000 06/15 PURCHASE CHARLOTTE NC,-27.13,"3,037.26"
06/17/2024,WAL-MART #2134 06/15 PURCHASE CHARLOTTE NC,-44.08,"2,993.18"
06/17/2024,INDIAN WHOLESALE 06/15 PURCHASE CHARLOTTE NC,-80.76,"2,912.42"
06/17/2024,LOWE'S FOODS # 06/15 PURCHASE HARRISBURG NC,-26.31,"2,886.11"
06/17/2024,BOJANGLES 479 06/15 PURCHASE HARRISBURG NC,-4.90,"2,881.21"
06/17/2024,SUNFLOUR BAKING C 06/16 PURCHASE HARRISBURG NC,-8.45,"2,872.76"
06/17/2024,TARGET 000 06/16 PURCHASE CHARLOTTE NC,-45.17,"2,827.59"
06/17/2024,Check 1581,-20.00,"2,807.59"
06/17/2024,Check 1582,-300.00,"2,507.59"
06/17/2024,PLANET FITNESS U DES:IClub Fees ID:PRXXXXX01344121 INDN:CLAUDE KOUAKOU CO ID:GXXXXX2737 PPD PMT INFO:XXXXX82722,-10.00,"2,497.59"
06/18/2024,BURLINGTON STORES 06/16 PURCHASE CHARLOTTE NC,-123.32,"2,374.27"
06/18/2024,Spectrum 06/17 PURCHASE XXXXX77328 MO,-123.93,"2,250.34"
06/18/2024,SUNFLOUR BAKING C 06/17 PURCHASE HARRISBURG NC,-9.04,"2,241.30"
06/18/2024,BACGATEWAYVILLAGE 06/17 PURCHASE CHARLOTTE NC,-5.41,"2,235.89"
06/18/2024,AMAZON MKTPL*VE7O 06/17 PURCHASE XXXXX61072 WA,-64.18,"2,171.71"
06/18/2024,NNT SUNFLOUR B 06/18 PURCHASE HARRISBURG NC,-8.45,"2,163.26"
06/18/2024,INDIAN WH INDI 06/18 PURCHASE CHARLOTTE NC,-8.15,"2,155.11"
06/18/2024,DUKEENERGYCORPOR DES:WEB_PAY ID:XXXXXXXXXX1724 INDN:XXXXX02960 CO ID:XXXXX30001 PPD,-191.56,"1,963.55"
06/18/2024,SPECTRUM DES:SPECTRUM ID:8196956 INDN:CHECKING2092 CO ID:XXXXX58635 WEB,-178.83,"1,784.72"
06/18/2024,DOMINION ENERGY DES:DRAFT ID:XXXXX24956820 INDN:CLAUDE N KOUAKOU CO ID:XXXXX48695 WEB,-31.93,"1,752.79"
06/20/2024,Online Banking transfer from CHK 2102 Confirmation# XXXXX85701,500.00,"2,252.79"
06/20/2024,IW BAKERY 06/18 PURCHASE CHARLOTTE NC,-13.16,"2,239.63"
06/20/2024,NETFLIX COM 06/19 PURCHASE LOS GATOS CA,-16.57,"2,223.06"
06/20/2024,SUNFLOUR BAKING C 06/19 PURCHASE HARRISBURG NC,-8.45,"2,214.61"
06/20/2024,SQ *YEUNG'S LOTUS 06/19 PURCHASE Charlotte NC,-31.13,"2,183.48"
06/20/2024,Online Banking transfer to CHK 2102 Confirmation# XXXXX49390,"-1,000.00","1,183.48"
06/20/2024,7-ELEVEN 06/20 PURCHASE Charlotte NC,-7.33,"1,176.15"
06/20/2024,BELK #329 7115 06/20 PURCHASE CHARLOTTE NC,-300.00,876.15
06/20/2024,BURLINGTON STO 06/20 PURCHASE CHARLOTTE NC,-411.65,464.50
06/20/2024,BURLINGTON STO 06/20 PURCHASE CHARLOTTE NC,-28.92,435.58
06/20/2024,CITY OF CONCORD DES:UTILITY ID:8391716 INDN:CLAUDE *KOUAKOU CO ID:XXXXX63576 TEL,-77.33,358.25
06/20/2024,IC FEE CONCORD DES:WEB PAYMNT ID:8391730 INDN:CLAUDE *KOUAKOU CO ID:XXXXX63576 TEL,-2.95,355.30
06/21/2024,Online Banking transfer from CHK 2102 Confirmation# XXXXX63793,200.00,555.30
06/21/2024,SUNFLOUR BAKING C 06/20 PURCHASE HARRISBURG NC,-9.04,546.26
06/21/2024,PUBLIX #1555 06/20 PURCHASE HARRISBURG NC,-50.91,495.35
06/21/2024,CIRCLE K 08378 06/21 PURCHASE HARRISBURG NC,-20.30,475.05
06/21/2024,DUKEENERGYCORPOR DES:WEB_PAY ID:XXXXXXXXXX2024 INDN:XXXXX11977 CO ID:XXXXX30001 PPD,-100.00,375.05
06/24/2024,SUNFLOUR BAKING C 06/21 PURCHASE HARRISBURG NC,-8.45,366.60
06/24/2024,SUNFLOUR BAKING C 06/22 PURCHASE HARRISBURG NC,-8.45,358.15
06/24/2024,QT 1031 06/22 PURCHASE HARRISBURG NC,-25.35,332.80
06/24/2024,FOOD LION #2214 06/22 PURCHASE HARRISBURG NC,-8.14,324.66
06/24/2024,CVS/PHARMACY #070 06/23 PURCHASE HARRISBURG NC,-60.07,264.59
06/24/2024,WALGREENS 4305 06/23 PURCHASE HARRISBURG NC,-31.61,232.98
06/24/2024,Sendwave 06/24 PMNT SENT XXXXX68603 MA,-67.23,165.75
06/24/2024,Interest Earned,0.01,165.76
Beginning balance as of 02/24/2024,,73.83
Total credits,,"16,780.76"
Total debits,,"-16,642.29"
Ending balance as of 03/25/2024,,212.30

Date,Description,Amount,Running Bal.
02/24/2024,Beginning balance as of 02/24/2024,,73.83
02/26/2024,Online Banking transfer from SAV 8178 Confirmation# XXXXX97843,295.00,368.83
02/26/2024,Online Banking transfer from SAV 8178 Confirmation# XXXXX11202,200.00,568.83
02/26/2024,CHICK-FIL-A #0409 02/22 PURCHASE HARRISBURG NC,-13.14,555.69
02/26/2024,NETFLIX COM 02/25 PURCHASE LOS GATOS CA,-24.60,531.09
02/26/2024,SENDWAVE *DTVR 02/25 PURCHASE XXXXX68603 NY,-293.88,237.21
02/26/2024,WALGREENS 4305 02/25 PURCHASE HARRISBURG NC,-29.01,208.20
02/26/2024,PUBLIX #1555 02/25 PURCHASE HARRISBURG NC,-30.07,178.13
02/27/2024,S&R CITGO FOOD 02/27 PURCHASE CONCORD NC,-20.23,157.90
02/28/2024,IDT BOSS INTL CAL 02/27 PURCHASE XXXXX68312 NJ,-10.00,147.90
02/28/2024,SHELL SERVICE 02/28 PURCHASE CHARLOTTE NC,-25.41,122.49
02/29/2024,CHARLOTTE MECKLE DES:PR PAYMENT ID:0600-XXXXX9618 INDN:Alla Kouakou Colette CO ID:XXXXX01074 PPD,"3,774.94","3,897.43"
02/29/2024,"BANK OF AMERICA, DES:BANK OF AM ID:XXXXXXXXXX8819 INDN:CLAUDE KOUAKOU CO ID:XXXXX76653 PPD","3,162.70","7,060.13"
02/29/2024,BACGATEWAYVILLAGE 02/28 PURCHASE CHARLOTTE NC,-7.58,"7,052.55"
02/29/2024,GOOGLE *Google 02/28 PURCHASE Mountain View CA,-1.99,"7,050.56"
02/29/2024,WAL Wal-Mart S 02/29 PURCHASE CONCORD NC,-35.93,"7,014.63"
03/01/2024,ADT SECURITY*3144 02/29 PURCHASE XXXXX82727 FL,-59.16,"6,955.47"
03/01/2024,NNT SUNFLOUR B 03/01 PURCHASE HARRISBURG NC,-10.59,"6,944.88"
03/01/2024,CIRCLE K 08378 03/01 PURCHASE HARRISBURG NC,-20.25,"6,924.63"
03/01/2024,PREFERREDPARKING DES:MONTHLYACH ID:45806-CLT - 116 INDN:CLAUDE KOUAKOU CO ID:XXXXX49648 PPD,-60.00,"6,864.63"
03/04/2024,"Zelle payment from KOUADIA NDOUFFOU for Tithe""; Conf# T0RZTBYFN""",60.00,"6,924.63"
03/04/2024,BACGATEWAYVILLAGE 03/01 PURCHASE CHARLOTTE NC,-11.15,"6,913.48"
03/04/2024,FEDEX OFFIC142000 03/02 PURCHASE CONCORD NC,-7.31,"6,906.17"
03/04/2024,WAVE 03/02 PURCHASE XXXXX68603 NY,-300.00,"6,606.17"
03/04/2024,Online Banking transfer to SAV 8178 Confirmation# XXXXX65369,"-2,000.00","4,606.17"
03/04/2024,Online Banking transfer to CHK 2102 Confirmation# XXXXX69720,"-1,500.00","3,106.17"
03/04/2024,FEDEX OFFIC142000 03/02 PURCHASE CONCORD NC,-6.71,"3,099.46"
03/04/2024,FEDEX OFFIC142000 03/02 PURCHASE CONCORD NC,-7.93,"3,091.53"
03/04/2024,FEDEX OFFIC142000 03/02 PURCHASE CONCORD NC,-9.76,"3,081.77"
03/04/2024,ORACL*WAFFLE HOUS 03/02 PURCHASE CONCORD SC,-49.00,"3,032.77"
03/04/2024,PUBLIX SUPER M 03/02 PURCHASE HARRISBURG NC,-42.78,"2,989.99"
03/04/2024,CVS/PHARM 0705 03/02 PURCHASE HARRISBURG NC,-10.48,"2,979.51"
03/04/2024,NNT GOODWILL # 03/03 PURCHASE CONCORD NC,-15.91,"2,963.60"
03/04/2024,NNT GOODWILL # 03/03 PURCHASE CONCORD NC,-11.73,"2,951.87"
03/04/2024,BP#6461529WILL 03/03 PURCHASE CONCORD NC,-46.55,"2,905.32"
03/04/2024,PUBLIX SUPER M 03/03 PURCHASE CONCORD NC,-91.15,"2,814.17"
03/04/2024,7-ELEVEN 03/04 PURCHASE CHARLOTTE NC,-2.54,"2,811.63"
03/04/2024,Check 552,-615.00,"2,196.63"
03/04/2024,Check 553,-60.00,"2,136.63"
03/04/2024,Bank of America Credit Card Bill Payment,-200.00,"1,936.63"
03/05/2024,Online Banking transfer from CHK 2102 Confirmation# XXXXX15522,300.00,"2,236.63"
03/05/2024,SIMPLEMOBILE*AIRT 03/04 PURCHASE XXXXX87908 FL,-94.90,"2,141.73"
03/05/2024,PUBLIX SUPER M 03/05 PURCHASE HARRISBURG NC,-42.48,"2,099.25"
03/05/2024,PROG PREMIER DES:INS PREM ID:XXXXX5486 Claud INDN:Claude Kouakou CO ID:XXXXX48104 PPD,-125.69,"1,973.56"
03/06/2024,Online Banking transfer from CHK 2102 Confirmation# XXXXX10582,500.00,"2,473.56"
03/06/2024,WM SUPERCENTER 03/06 PURCHASE CONCORD NC,-508.00,"1,965.56"
03/06/2024,WAL Wal-Mart S 03/06 PURCHASE CONCORD NC,-3.29,"1,962.27"
03/06/2024,PLANET HOME DES:ACH PMTS ID:XXXXX59329 INDN:CLAUDE KOUAKOU CO ID:XXXXX62771 WEB,"-1,725.42",236.85
03/07/2024,QT 1031 03/06 PURCHASE HARRISBURG NC,-23.79,213.06
03/08/2024,AHPC CFM HARRISBU 03/07 PURCHASE HARRISBURG NC,-29.19,183.87
03/08/2024,BACGATEWAYVILLAGE 03/07 PURCHASE CHARLOTTE NC,-4.84,179.03
03/08/2024,PUBLIX #1555 03/07 PURCHASE HARRISBURG NC,-44.40,134.63
03/08/2024,FOOD LION #221 03/08 PURCHASE HARRISBURG NC,-12.90,121.73
03/11/2024,Online Banking transfer from CHK 2102 Confirmation# XXXXX24633,200.00,321.73
03/11/2024,"Zelle payment from KOUADIA NDOUFFOU for Tithe""; Conf# T0S2FW837""",60.00,381.73
03/11/2024,BKOFAMERICA ATM 03/10 #XXXXX6499 WITHDRWL CODDLE CREEK VILLA CONCORD NC,-60.00,321.73
03/11/2024,365 MARKET K 888 03/07 PURCHASE TROY MI,-2.17,319.56
03/11/2024,STARBUCKS STORE 0 03/08 PURCHASE CHARLOTTE NC,-12.56,307.00
03/11/2024,Staples Inc 03/09 PURCHASE staples.com MA,-64.19,242.81
03/11/2024,SUVIDHA INTL MARK 03/10 PURCHASE CHARLOTTE NC,-61.18,181.63
03/11/2024,QT 1031 03/10 PURCHASE HARRISBURG NC,-30.26,151.37
03/11/2024,QT 1031 03/10 PURCHASE HARRISBURG NC,-2.13,149.24
03/11/2024,WALGREENS 4305 03/10 PURCHASE HARRISBURG NC,-1.13,148.11
03/11/2024,IDT BOSS INTL CAL 03/10 PURCHASE XXXXX68312 NJ,-10.00,138.11
03/11/2024,AMZN Mktp US*R64L 03/10 PURCHASE XXXXX61072 WA,-10.69,127.42
03/11/2024,SUNOCO 0686131 03/11 PURCHASE LOCUST NC,-20.00,107.42
03/11/2024,ALDI 66033 03/11 PURCHASE HARRISBURG NC,-47.13,60.29
03/11/2024,WALGREENS 4305 03/11 PURCHASE HARRISBURG NC,-17.12,43.17
03/13/2024,TST* BIRYANI NATI 03/12 PURCHASE Charlotte NC,-12.98,30.19
03/14/2024,Online Banking transfer from CHK 2102 Confirmation# XXXXX87077,100.00,130.19
03/14/2024,Online Banking transfer from CHK 2102 Confirmation# XXXXX76057,100.00,230.19
03/14/2024,SHELL SERVICE 03/14 PURCHASE CHARLOTTE NC,-33.71,196.48
03/15/2024,"BANK OF AMERICA, DES:BANK OF AM ID:XXXXXXXXXX8819 INDN:CLAUDE KOUAKOU CO ID:XXXXX76653 PPD","3,061.64","3,258.12"
03/15/2024,PUBLIX #1555 03/14 PURCHASE HARRISBURG NC,-26.54,"3,231.58"
03/15/2024,AMZN Mktp US*RN10 03/14 PURCHASE XXXXX61072 WA,-32.06,"3,199.52"
03/15/2024,Online Banking transfer to SAV 8178 Confirmation# XXXXX23010,"-1,000.00","2,199.52"
03/15/2024,Online Banking transfer to CHK 2102 Confirmation# XXXXX27350,"-1,100.00","1,099.52"
03/18/2024,Online Banking transfer from SAV 8178 Confirmation# XXXXX03331,"3,300.00","4,399.52"
03/18/2024,"Zelle payment from KOUADIA NDOUFFOU for Tithe""; Conf# T0S2ZGYP2""",60.00,"4,459.52"
03/18/2024,QT 1031 03/15 PURCHASE HARRISBURG NC,-20.30,"4,439.22"
03/18/2024,SUVIDHA INTL MARK 03/15 PURCHASE CHARLOTTE NC,-34.99,"4,404.23"
03/18/2024,PUBLIX #1555 03/15 PURCHASE HARRISBURG NC,-38.23,"4,366.00"
03/18/2024,WAL Wal-Mart S 03/15 PURCHASE CONCORD NC,-17.88,"4,348.12"
03/18/2024,TAKE 5 OIL CHANGE 03/16 PURCHASE HARRISBURG NC,-64.18,"4,283.94"
03/18/2024,WAVE 03/16 PURCHASE XXXXX68603 NY,-169.72,"4,114.22"
03/18/2024,CVS/PHARMACY #070 03/17 PURCHASE HARRISBURG NC,-14.97,"4,099.25"
03/18/2024,SAM'S XPRESS #309 03/17 PURCHASE CONCORD NC,-15.00,"4,084.25"
03/18/2024,PLANET FIT DES:CLUB FEES ID:XXXXX09912935 INDN:CLAUDE KOUAKOU CO ID:XXXXX02737 PPD PMT INFO:704-548-2722,-10.00,"4,074.25"
03/19/2024,Bank of America DES:CASHREWARD ID:KOUAKOU INDN:XXXXX0062XXXXX73XXXXX0 CO ID:XXXXX90310 PPD,15.47,"4,089.72"
03/19/2024,BOJANGLES 960 03/17 PURCHASE CONCORD NC,-7.36,"4,082.36"
03/19/2024,WAVE 03/18 PURCHASE XXXXX68603 NY,"-1,699.09","2,383.27"
03/19/2024,SQ *QUEEN CITY TO 03/18 PURCHASE Harrisburg NC,-105.00,"2,278.27"
03/19/2024,CHARLOTTE MARKET 03/18 PURCHASE CHARLOTTE NC,-136.66,"2,141.61"
03/19/2024,BAHIA DE GRACIA R 03/18 PURCHASE CHARLOTTE NC,-6.68,"2,134.93"
03/19/2024,COMPARE FOODS SUP 03/18 PURCHASE CHARLOTTE NC,-75.24,"2,059.69"
03/19/2024,CITY OF CONCOR 03/19 PURCHASE CONCORD NC,-114.91,"1,944.78"
03/19/2024,NETFLIX COM 03/19 PURCHASE LOS GATOS CA,-16.57,"1,928.21"
03/19/2024,CAPITAL ONE DES:ONLINE PMT ID:3X5PFCN7WZL3P74 INDN:CLAUDE N KOUAKOU CO ID:XXXXX44391 WEB,-100.00,"1,828.21"
03/20/2024,Online Banking transfer from CHK 2102 Confirmation# XXXXX95976,500.00,"2,328.21"
03/20/2024,QT 1031 03/18 PURCHASE HARRISBURG NC,-2.13,"2,326.08"
03/20/2024,QT 1031 03/18 PURCHASE HARRISBURG NC,-30.03,"2,296.05"
03/20/2024,SUVIDHA INTL MARK 03/19 PURCHASE CHARLOTTE NC,-13.86,"2,282.19"
03/20/2024,Spectrum 03/20 PURCHASE XXXXX77328 MO,-123.93,"2,158.26"
03/20/2024,LOWE'S FOODS # 03/20 PURCHASE HARRISBURG NC,-25.15,"2,133.11"
03/20/2024,WALGREENS 4305 03/20 PURCHASE HARRISBURG NC,-8.55,"2,124.56"
03/20/2024,DUKEENERGYCORPOR DES:WEB_PAY ID:XXXXXXXXXX1924 INDN:XXXXX02960 CO ID:XXXXX30001 PPD,-190.36,"1,934.20"
03/20/2024,DOMINION ENERGY DES:DRAFT ID:XXXXX24956820 INDN:CLAUDE N KOUAKOU CO ID:XXXXX48695 WEB,-151.53,"1,782.67"
03/21/2024,Online Banking transfer from CHK 2102 Confirmation# XXXXX13810,300.00,"2,082.67"
03/21/2024,Online Banking transfer from CHK 2102 Confirmation# XXXXX68232,300.00,"2,382.67"
03/21/2024,WAVE 03/20 PURCHASE XXXXX68603 NY,"-1,690.64",692.03
03/21/2024,WALGREENS 4305 03/21 PURCHASE HARRISBURG NC,-21.37,670.66
03/21/2024,SPECTRUM DES:SPECTRUM ID:0370298 INDN:CHECKING2092 CO ID:XXXXX58635 WEB,-169.88,500.78
03/22/2024,WAVE 03/21 PURCHASE XXXXX68603 NY,-220.99,279.79
03/22/2024,PUBLIX #1555 03/21 PURCHASE HARRISBURG NC,-20.28,259.51
03/25/2024,Online Banking transfer from SAV 8178 Confirmation# XXXXX66149,350.00,609.51
03/25/2024,Online Banking transfer from CHK 2102 Confirmation# XXXXX43767,141.00,750.51
03/25/2024,STARBUCKS 08460 03/22 PURCHASE CHARLOTTE NC,-3.19,747.32
03/25/2024,STARBUCKS STORE 0 03/22 PURCHASE CHARLOTTE NC,-4.28,743.04
03/25/2024,PUBLIX #1555 03/22 PURCHASE HARRISBURG NC,-19.34,723.70
03/25/2024,CHICK-FIL-A #0409 03/22 PURCHASE HARRISBURG NC,-12.67,711.03
03/25/2024,STORE 1696 HAR 03/23 PURCHASE HOLLY SPRINGS GA,-23.53,687.50
03/25/2024,CIRCLE K 01492 03/23 PURCHASE CONCORD NC,-20.27,667.23
03/25/2024,WAL-MART #1027 03/24 PURCHASE CONCORD NC,-39.65,627.58
03/25/2024,SUVIDHA INTL M 03/24 PURCHASE CHARLOTTE NC,-30.69,596.89
03/25/2024,IDT BOSS INTL CAL 03/24 PURCHASE XXXXX68312 NJ,-10.00,586.89
03/25/2024,NETFLIX.COM 03/25 PURCHASE LOS GATOS CA,-24.60,562.29
03/25/2024,Check 554,-20.00,542.29
03/25/2024,Check 555,-310.00,232.29
03/25/2024,Check 556,-20.00,212.29
03/25/2024,Interest Earned,0.01,212.30
Beginning balance as of 04/25/2024,,578.83
Total credits,,"18,033.49"
Total debits,,"-18,513.55"
Ending balance as of 05/24/2024,,98.77

Date,Description,Amount,Running Bal.
04/25/2024,Beginning balance as of 04/25/2024,,578.83
04/25/2024,PUBLIX #1555 04/24 PURCHASE HARRISBURG NC,-31.63,547.20
04/25/2024,NETFLIX.COM 04/25 PURCHASE LOS GATOS CA,-24.60,522.60
04/25/2024,SHELL SERVICE 04/25 PURCHASE CHARLOTTE NC,-30.84,491.76
04/25/2024,CVS/PHARM 0705 04/25 PURCHASE HARRISBURG NC,-6.24,485.52
04/26/2024,CHARLOTTE MARKET 04/25 PURCHASE CHARLOTTE NC,-105.80,379.72
04/26/2024,CIRCLE K 08378 04/26 PURCHASE HARRISBURG NC,-20.84,358.88
04/26/2024,SUVIDHA INTL M 04/26 PURCHASE CHARLOTTE NC,-48.21,310.67
04/29/2024,BACGATEWAYVILLAGE 04/26 PURCHASE CHARLOTTE NC,-6.75,303.92
04/29/2024,365 MARKET K 888 04/26 PURCHASE TROY MI,-3.11,300.81
04/29/2024,PUBLIX #1555 04/27 PURCHASE HARRISBURG NC,-47.90,252.91
04/29/2024,NNT SUNFLOUR B 04/28 PURCHASE HARRISBURG NC,-8.24,244.67
04/29/2024,SUVIDHA INTL MARK 04/28 PURCHASE CHARLOTTE NC,-21.84,222.83
04/29/2024,GOOGLE *Google 04/28 PURCHASE Mountain View CA,-1.99,220.84
04/29/2024,QT 1031 OUTSID 04/28 PURCHASE HARRISBURG NC,-25.29,195.55
04/29/2024,NNT SUNFLOUR B 04/29 PURCHASE HARRISBURG NC,-8.45,187.10
04/29/2024,DOLLAR TREE 04/29 PURCHASE HARRISBURG NC,-17.39,169.71
04/30/2024,CHARLOTTE MECKLE DES:PR PAYMENT ID:0600-XXXXX9618 INDN:Alla Kouakou Colette CO ID:XXXXX01074 PPD,"3,774.94","3,944.65"
04/30/2024,"BANK OF AMERICA, DES:BANK OF AM ID:XXXXXXXXXX8819 INDN:CLAUDE KOUAKOU CO ID:XXXXX76653 PPD","3,023.28","6,967.93"
04/30/2024,BACGATEWAYVILLAGE 04/29 PURCHASE CHARLOTTE NC,-7.31,"6,960.62"
04/30/2024,UBER *TRIP 04/30 PURCHASE San Francisco CA,-9.29,"6,951.33"
04/30/2024,Online Banking transfer to SAV 8178 Confirmation# XXXXX75700,"-2,000.00","4,951.33"
04/30/2024,Online Banking transfer to CHK 2102 Confirmation# XXXXX83136,"-1,700.00","3,251.33"
04/30/2024,Online Banking payment to CRD 8345 Confirmation# XXXXX13382,-300.00,"2,951.33"
05/01/2024,ADT SECURITY*3144 04/30 PURCHASE XXXXX82727 FL,-59.16,"2,892.17"
05/01/2024,PUBLIX #1555 04/30 PURCHASE HARRISBURG NC,-41.25,"2,850.92"
05/01/2024,SUNFLOUR BAKING C 04/30 PURCHASE HARRISBURG NC,-8.45,"2,842.47"
05/01/2024,BACGATEWAYVILLAGE 04/30 PURCHASE CHARLOTTE NC,-8.12,"2,834.35"
05/01/2024,Amazon.com*911ZK3 04/30 PURCHASE Amzn.com/bill WA,-9.49,"2,824.86"
05/01/2024,CIRCLE K 08378 05/01 PURCHASE HARRISBURG NC,-20.11,"2,804.75"
05/01/2024,NNT DON JUAN B 05/01 PURCHASE CHARLOTTE NC,-5.74,"2,799.01"
05/01/2024,COMPARE FOODS 05/01 PURCHASE CHARLOTTE NC,-172.11,"2,626.90"
05/01/2024,DOLLARTREE 05/01 PURCHASE CHARLOTTE NC,-25.47,"2,601.43"
05/01/2024,ALDI 66086 05/01 PURCHASE CHARLOTTE NC,-88.71,"2,512.72"
05/01/2024,PREFERREDPARKING DES:MONTHLYACH ID:45806-CLT - 116 INDN:CLAUDE KOUAKOU CO ID:XXXXX49648 PPD,-60.00,"2,452.72"
05/02/2024,TRACY S SEWING & 05/01 PURCHASE HARRISBURG NC,-65.50,"2,387.22"
05/02/2024,BAHIA DE GRACIA R 05/01 PURCHASE CHARLOTTE NC,-16.96,"2,370.26"
05/02/2024,FOOD LION #2214 05/01 PURCHASE HARRISBURG NC,-20.09,"2,350.17"
05/02/2024,CVS/PHARM 0705 05/02 PURCHASE HARRISBURG NC,-4.26,"2,345.91"
05/03/2024,SIMPLEMOBILE*AIRT 05/02 PURCHASE XXXXX87908 FL,-132.21,"2,213.70"
05/03/2024,SUNFLOUR BAKING C 05/02 PURCHASE HARRISBURG NC,-14.82,"2,198.88"
05/03/2024,SHELL SERVICE 05/03 PURCHASE CHARLOTTE NC,-38.06,"2,160.82"
05/03/2024,PROG PREMIER DES:INS PREM ID:XXXXX5486 Claud INDN:Claude Kouakou CO ID:XXXXX48104 PPD,-125.69,"2,035.13"
05/06/2024,Online Banking transfer from CHK 2102 Confirmation# XXXXX46051,800.00,"2,835.13"
05/06/2024,Sendwave 05/03 PMNT SENT XXXXX68603 MA,-400.00,"2,435.13"
05/06/2024,BACGATEWAYVILLAGE 05/03 PURCHASE CHARLOTTE NC,-5.85,"2,429.28"
05/06/2024,QT 1031 05/04 PURCHASE HARRISBURG NC,-30.73,"2,398.55"
05/06/2024,SUVIDHA INTL MARK 05/05 PURCHASE CHARLOTTE NC,-13.13,"2,385.42"
05/06/2024,PUBLIX #1555 05/05 PURCHASE HARRISBURG NC,-36.64,"2,348.78"
05/06/2024,CIRCLE K 08378 05/06 PURCHASE HARRISBURG NC,-20.29,"2,328.49"
05/06/2024,Check 1601,-20.00,"2,308.49"
05/06/2024,Check 1602,-600.00,"1,708.49"
05/07/2024,BURLINGTON STORES 05/05 PURCHASE CHARLOTTE NC,-41.00,"1,667.49"
05/07/2024,AMZN Mktp US*ZG48 05/06 PURCHASE XXXXX61072 WA,-32.09,"1,635.40"
05/07/2024,NNT SUNFLOUR B 05/07 PURCHASE HARRISBURG NC,-8.45,"1,626.95"
05/08/2024,Online Banking transfer from CHK 2102 Confirmation# XXXXX84613,700.00,"2,326.95"
05/08/2024,BACGATEWAYVILLAGE 05/07 PURCHASE CHARLOTTE NC,-4.33,"2,322.62"
05/08/2024,CVS/PHARMACY #070 05/07 PURCHASE HARRISBURG NC,-12.83,"2,309.79"
05/08/2024,WM SUPERCENTER 05/08 PURCHASE CONCORD NC,-508.00,"1,801.79"
05/08/2024,WAL Wal-Mart S 05/08 PURCHASE CONCORD NC,-14.92,"1,786.87"
05/08/2024,PLANET HOME DES:ACH PMTS ID:XXXXX59329 INDN:CLAUDE KOUAKOU CO ID:XXXXX62771 WEB,"-1,702.66",84.21
05/09/2024,STARBUCKS STORE 0 05/08 PURCHASE CHARLOTTE NC,-4.28,79.93
05/09/2024,SHELL SERVICE 05/09 PURCHASE CHARLOTTE NC,-21.80,58.13
05/09/2024,WALGREENS 4305 05/09 PURCHASE HARRISBURG NC,-10.66,47.47
05/10/2024,Online Banking transfer from CHK 2102 Confirmation# XXXXX71164,300.00,347.47
05/10/2024,QT 1031 05/09 PURCHASE HARRISBURG NC,-20.35,327.12
05/13/2024,Online Banking transfer from SAV 8178 Confirmation# XXXXX81515,"3,137.00","3,464.12"
05/13/2024,Online Banking transfer from SAV 8178 Confirmation# XXXXX59216,100.00,"3,564.12"
05/13/2024,QT 1031 05/09 PURCHASE HARRISBURG NC,-2.13,"3,561.99"
05/13/2024,QT 1031 05/10 PURCHASE HARRISBURG NC,-2.13,"3,559.86"
05/13/2024,IDT BOSS INTL CAL 05/10 PURCHASE XXXXX68312 NJ,-10.00,"3,549.86"
05/13/2024,Sendwave 05/11 PMNT SENT XXXXX68603 MA,-250.00,"3,299.86"
05/13/2024,WAL-MART #1027 05/12 PURCHASE CONCORD NC,-24.54,"3,275.32"
05/13/2024,CIRCLE K # 066 05/12 PURCHASE HARRISBURG NC,-20.05,"3,255.27"
05/14/2024,CVS/PHARMACY #070 05/13 PURCHASE HARRISBURG NC,-0.19,"3,255.08"
05/14/2024,AFP*Sellers Ayers 05/13 PURCHASE XXXXX68561 NC,"-3,136.23",118.85
05/15/2024,"BANK OF AMERICA, DES:BANK OF AM ID:XXXXXXXXXX8819 INDN:CLAUDE KOUAKOU CO ID:XXXXX76653 PPD","3,023.26","3,142.11"
05/15/2024,SUVIDHA INTL MARK 05/14 PURCHASE CHARLOTTE NC,-15.81,"3,126.30"
05/15/2024,NNT SUNFLOUR B 05/15 PURCHASE HARRISBURG NC,-8.45,"3,117.85"
05/15/2024,SHELL SERVICE 05/15 PURCHASE CHARLOTTE NC,-23.79,"3,094.06"
05/15/2024,Online Banking transfer to SAV 8178 Confirmation# XXXXX28323,"-1,000.00","2,094.06"
05/15/2024,Online Banking transfer to CHK 2102 Confirmation# XXXXX36580,"-1,200.00",894.06
05/16/2024,ALDI 66033 05/16 PURCHASE HARRISBURG NC,-139.74,754.32
05/16/2024,BELK Rewards DES:SYF PAYMNT ID:XXXXXXXXXX33346 INDN:KOUAKOUCOLETTE CO ID:XXXXX72103 WEB,-50.00,704.32
05/17/2024,NNT SUNFLOUR B 05/17 PURCHASE HARRISBURG NC,-8.45,695.87
05/17/2024,PLANET FITNESS U DES:IClub Fees ID:PRXXXXX00786837 INDN:CLAUDE KOUAKOU CO ID:GXXXXX2737 PPD PMT INFO:XXXXX82722,-10.00,685.87
05/20/2024,STARBUCKS STORE 0 05/17 PURCHASE CHARLOTTE NC,-6.45,679.42
05/20/2024,QT 1031 OUTSID 05/18 PURCHASE HARRISBURG NC,-20.46,658.96
05/20/2024,QT 1031 05/18 PURCHASE HARRISBURG NC,-5.18,653.78
05/20/2024,QT 1031 05/18 PURCHASE HARRISBURG NC,-8.02,645.76
05/20/2024,PUBLIX SUPER M 05/18 PURCHASE HARRISBURG NC,-38.66,607.10
05/20/2024,NETFLIX.COM 05/19 PURCHASE XXXXX77067 CA,-16.57,590.53
05/20/2024,WAL-MART #1027 05/19 PURCHASE CONCORD NC,-43.17,547.36
05/20/2024,CIRCLE K # 066 05/19 PURCHASE HARRISBURG NC,-35.31,512.05
05/20/2024,NNT SUNFLOUR B 05/20 PURCHASE HARRISBURG NC,-3.16,508.89
05/20/2024,COMPARE FOODS 05/20 PURCHASE CHARLOTTE NC,-60.89,448.00
05/20/2024,Check 1603,-310.00,138.00
05/20/2024,CAPITAL ONE DES:ONLINE PMT ID:3XILFDP304KXG0G INDN:CLAUDE N KOUAKOU CO ID:XXXXX44391 WEB,-100.00,38.00
05/20/2024,OVERDRAFT ITEM FEE FOR ACTIVITY OF 05-20 ELECTRONIC TRANSACTION POSTING DATE 05-20-24 POSTING SEQ 00012,-10.00,28.00
05/21/2024,Online Banking transfer from CHK 2102 Confirmation# XXXXX14634,500.00,528.00
05/21/2024,BACGATEWAYVILLAGE 05/20 PURCHASE CHARLOTTE NC,-9.56,518.44
05/21/2024,CHARLOTTE MARKET 05/20 PURCHASE CHARLOTTE NC,-57.20,461.24
05/21/2024,SUVIDHA INTL MARK 05/20 PURCHASE CHARLOTTE NC,-21.53,439.71
05/21/2024,PUBLIX #1555 05/20 PURCHASE HARRISBURG NC,-8.85,430.86
05/21/2024,UBER *TRIP 05/21 PURCHASE San Francisco CA,-12.05,418.81
05/21/2024,DUKEENERGYCORPOR DES:WEB_PAY ID:XXXXXXXXXX1924 INDN:XXXXX02960 CO ID:XXXXX30001 PPD,-218.53,200.28
05/22/2024,PUBLIX #1555 05/21 PURCHASE HARRISBURG NC,-8.61,191.67
05/23/2024,"NCDOR IND INCOME DES:NCSTTAXRFD ID:XXXXX3122 INDN:KOUAKOU, NDRI C & ALL CO ID:XXXXX11838 PPD","2,675.00","2,866.67"
05/23/2024,BJ's Wholesale Cl 05/21 PURCHASE XXXXX72582 MA,-110.00,"2,756.67"
05/23/2024,Spectrum 05/22 PURCHASE XXXXX77328 MO,-114.98,"2,641.69"
05/23/2024,CIRCLE K 08378 05/23 PURCHASE HARRISBURG NC,-20.33,"2,621.36"
05/23/2024,Online Banking transfer to SAV 8178 Confirmation# XXXXX32293,"-2,000.00",621.36
05/23/2024,ALDI 66033 05/23 PURCHASE HARRISBURG NC,-61.23,560.13
05/23/2024,DOMINION ENERGY DES:DRAFT ID:XXXXX24956820 INDN:CLAUDE N KOUAKOU CO ID:XXXXX48695 WEB,-161.75,398.38
05/24/2024,365 MARKET K 888 05/23 PURCHASE TROY MI,-6.43,391.95
05/24/2024,CIRCLE K 05112 05/24 PURCHASE CHARLOTTE NC,-27.82,364.13
05/24/2024,SUVIDHA INTL M 05/24 PURCHASE CHARLOTTE NC,-40.70,323.43
05/24/2024,WALGREENS 4305 05/24 PURCHASE HARRISBURG NC,-36.24,287.19
05/24/2024,PUBLIX SUPER M 05/24 PURCHASE HARRISBURG NC,-18.55,268.64
05/24/2024,SPECTRUM DES:SPECTRUM ID:0295419 INDN:CHECKING2092 CO ID:XXXXX58635 WEB,-169.88,98.76
05/24/2024,Interest Earned,0.01,98.77
